n70hcTzbYx/4iUiJfDBxqFiNWEJX4r39nj3WKuNVVqA	rvridP9i1/jNS7XH7+Tk80N8rz0rw4CTgIhK1B0Ta1o	bafyreibrul55dpkzyn4obxcebjjy4o5urzbqn7dtp5gbcfg5qzuubgf5du
SQ4DyK58K0H0d7dcU/lOACWNffi1tsek8OA4CggdDRc	EEYCklfEsLP93BWyPdYhuC65Zm8YJf2iCpbPS+zSwdU	bafyreicpwzv4g3673nyj2hjs2ezgxnxmu4u47ysvl4kgp2x6gzutvmnz64
SQ4DyK58K0H0d7dcU/lOACWNffi1tsek8OA4CggdDRc	EEYCklfEsLP93BWyPdYhuC65Zm8YJf2iCpbPS+zSwdU	bafyreibrul55dpkzyn4obxcebjjy4o5urzbqn7dtp5gbcfg5qzuubgf5du
x5WBe0YnvZtcVtO6BdzQFM0ymOFmBx7/v1ckJqbBQKM	RapMLw5AxHH9u5a7Ci852v/4XpT0aKpi3TGIw7aVyww	bafyreicpwzv4g3673nyj2hjs2ezgxnxmu4u47ysvl4kgp2x6gzutvmnz64
x5WBe0YnvZtcVtO6BdzQFM0ymOFmBx7/v1ckJqbBQKM	RapMLw5AxHH9u5a7Ci852v/4XpT0aKpi3TGIw7aVyww	bafyreibrul55dpkzyn4obxcebjjy4o5urzbqn7dtp5gbcfg5qzuubgf5du
/qeaI2W/creG9+6jkM598gIKRlljncSKG5n0i8viUL8	jDu5m4MesHYizN4sZA81k67RkxaTJiJOA9adMiK1iEk	bafyreicpwzv4g3673nyj2hjs2ezgxnxmu4u47ysvl4kgp2x6gzutvmnz64
/qeaI2W/creG9+6jkM598gIKRlljncSKG5n0i8viUL8	jDu5m4MesHYizN4sZA81k67RkxaTJiJOA9adMiK1iEk	bafyreibrul55dpkzyn4obxcebjjy4o5urzbqn7dtp5gbcfg5qzuubgf5du
X2US8opcocJT5J6Gy9FZclVH1sDRyPhbQJBmr9TGHfg	4ugj8qrOsc3cg/BS8WYHI1U43W9KJbbLpgiEDaENwS4	bafyreicpwzv4g3673nyj2hjs2ezgxnxmu4u47ysvl4kgp2x6gzutvmnz64
X2US8opcocJT5J6Gy9FZclVH1sDRyPhbQJBmr9TGHfg	4ugj8qrOsc3cg/BS8WYHI1U43W9KJbbLpgiEDaENwS4	bafyreibrul55dpkzyn4obxcebjjy4o5urzbqn7dtp5gbcfg5qzuubgf5du
MFEqIgGi+NAcAOTxC5xgJVBJfJZ7/7pXflGD5S+eaDk	yBFG7iuiMZo4TKv7BbPLTSTdbcn4jEMHE0hGtZe0wsU	bafyreicpwzv4g3673nyj2hjs2ezgxnxmu4u47ysvl4kgp2x6gzutvmnz64
MFEqIgGi+NAcAOTxC5xgJVBJfJZ7/7pXflGD5S+eaDk	yBFG7iuiMZo4TKv7BbPLTSTdbcn4jEMHE0hGtZe0wsU	bafyreibrul55dpkzyn4obxcebjjy4o5urzbqn7dtp5gbcfg5qzuubgf5du
X9ny+hfWVpnIrkefYCA5gkoOYshKBRJyjOfNw2k4FLg	HbXLmxbKdL2RILco/sNNxvYQROwAH/VPVoRBXLKqrNM	bafyreicpwzv4g3673nyj2hjs2ezgxnxmu4u47ysvl4kgp2x6gzutvmnz64
X9ny+hfWVpnIrkefYCA5gkoOYshKBRJyjOfNw2k4FLg	HbXLmxbKdL2RILco/sNNxvYQROwAH/VPVoRBXLKqrNM	bafyreibrul55dpkzyn4obxcebjjy4o5urzbqn7dtp5gbcfg5qzuubgf5du
R0FQmbQ8zaoAAw/rZ9jOAFtCrZiftXFWsbsiyXD4AGs	/0gIkQgOwqiwlihZCUSP8aoZw0DQnS1Y/021cUO9xko	bafyreicpwzv4g3673nyj2hjs2ezgxnxmu4u47ysvl4kgp2x6gzutvmnz64
R0FQmbQ8zaoAAw/rZ9jOAFtCrZiftXFWsbsiyXD4AGs	/0gIkQgOwqiwlihZCUSP8aoZw0DQnS1Y/021cUO9xko	bafyreibrul55dpkzyn4obxcebjjy4o5urzbqn7dtp5gbcfg5qzuubgf5du
wDUvCl3NigQFy3FOeSmtmlA6M5a2oD8Qcvnde/3bols	Eg0So9nZ0sZkZ77JCrx1JWy7+f/on9oH3wXroErnw9A	bafyreicpwzv4g3673nyj2hjs2ezgxnxmu4u47ysvl4kgp2x6gzutvmnz64
wDUvCl3NigQFy3FOeSmtmlA6M5a2oD8Qcvnde/3bols	Eg0So9nZ0sZkZ77JCrx1JWy7+f/on9oH3wXroErnw9A	bafyreibrul55dpkzyn4obxcebjjy4o5urzbqn7dtp5gbcfg5qzuubgf5du
LUv3g7YTcRrxThMzhDThvJdxcw/qxtJRMWcQPvTvbFs	IrhLpP3VS8ApRlwHJ9Fe50li/h2oorp0ubgtRc/tcnI	bafyreicpwzv4g3673nyj2hjs2ezgxnxmu4u47ysvl4kgp2x6gzutvmnz64
LUv3g7YTcRrxThMzhDThvJdxcw/qxtJRMWcQPvTvbFs	IrhLpP3VS8ApRlwHJ9Fe50li/h2oorp0ubgtRc/tcnI	bafyreibrul55dpkzyn4obxcebjjy4o5urzbqn7dtp5gbcfg5qzuubgf5du
KSac1FjDVKSZpvdWCgjdy4cg+Iiecq9GEnKjgmMuacY	oN2IcBf5dIx5NnKuYUFAXAUbp8uAt/8bVffHEcZwYSY	bafyreicpwzv4g3673nyj2hjs2ezgxnxmu4u47ysvl4kgp2x6gzutvmnz64
KSac1FjDVKSZpvdWCgjdy4cg+Iiecq9GEnKjgmMuacY	oN2IcBf5dIx5NnKuYUFAXAUbp8uAt/8bVffHEcZwYSY	bafyreibrul55dpkzyn4obxcebjjy4o5urzbqn7dtp5gbcfg5qzuubgf5du
/z/1HUyfLjE0H76U60cvKSmshWa9AFbVmiJPDOIOi+o	LcspscPeL9TQU5fhNPWy+UlpZyX7Iv2nNiKNi8nm3E0	bafyreicpwzv4g3673nyj2hjs2ezgxnxmu4u47ysvl4kgp2x6gzutvmnz64
/z/1HUyfLjE0H76U60cvKSmshWa9AFbVmiJPDOIOi+o	LcspscPeL9TQU5fhNPWy+UlpZyX7Iv2nNiKNi8nm3E0	bafyreibrul55dpkzyn4obxcebjjy4o5urzbqn7dtp5gbcfg5qzuubgf5du
mgMAb+774JYPCAOQ+zrluHdI0jJNojL7NJliMEOpCno	W8bhGpusWzQ3HVA/jf0YJ/fIFKgj8AtHhuVfpTNYtYI	bafyreicpwzv4g3673nyj2hjs2ezgxnxmu4u47ysvl4kgp2x6gzutvmnz64
mgMAb+774JYPCAOQ+zrluHdI0jJNojL7NJliMEOpCno	W8bhGpusWzQ3HVA/jf0YJ/fIFKgj8AtHhuVfpTNYtYI	bafyreibrul55dpkzyn4obxcebjjy4o5urzbqn7dtp5gbcfg5qzuubgf5du
W5juY92LLZu9c4GqeQq8QJ6HsCBXWyey3bL/JWntZlI	WBYAzHiL/KwPkzq090VNexTPgvfv1EyozWfnlilNF6k	bafyreicpwzv4g3673nyj2hjs2ezgxnxmu4u47ysvl4kgp2x6gzutvmnz64
W5juY92LLZu9c4GqeQq8QJ6HsCBXWyey3bL/JWntZlI	WBYAzHiL/KwPkzq090VNexTPgvfv1EyozWfnlilNF6k	bafyreibrul55dpkzyn4obxcebjjy4o5urzbqn7dtp5gbcfg5qzuubgf5du
nRJx8lnvkHCqOkS8OoOrxwNp2s8FSPkHsFRGpiaXX9s	jlc0ov1k1Zgf7NPi3OjSTTunZYrG2pSVP6lpdhXD7Uo	bafyreicpwzv4g3673nyj2hjs2ezgxnxmu4u47ysvl4kgp2x6gzutvmnz64
nRJx8lnvkHCqOkS8OoOrxwNp2s8FSPkHsFRGpiaXX9s	jlc0ov1k1Zgf7NPi3OjSTTunZYrG2pSVP6lpdhXD7Uo	bafyreibrul55dpkzyn4obxcebjjy4o5urzbqn7dtp5gbcfg5qzuubgf5du
TaFIOJX/4xHDvxf3Tvm8DbI/zr1cGXkFvr3KQK4b6d4	3q7b9hOREvpD2Nr6WDlt+v9INsmdfpZ2gq7yC2NMcB4	bafyreicpwzv4g3673nyj2hjs2ezgxnxmu4u47ysvl4kgp2x6gzutvmnz64
TaFIOJX/4xHDvxf3Tvm8DbI/zr1cGXkFvr3KQK4b6d4	3q7b9hOREvpD2Nr6WDlt+v9INsmdfpZ2gq7yC2NMcB4	bafyreibrul55dpkzyn4obxcebjjy4o5urzbqn7dtp5gbcfg5qzuubgf5du
9AIxkeBJ7XAMpf1Z3DFbdIqp4z3AC3eTcCwK8CoVGpA	apr/jk+o7tFDY1u5qrj4VEowaSbS/BQpXXSzz71Tc/0	bafyreicpwzv4g3673nyj2hjs2ezgxnxmu4u47ysvl4kgp2x6gzutvmnz64
9AIxkeBJ7XAMpf1Z3DFbdIqp4z3AC3eTcCwK8CoVGpA	apr/jk+o7tFDY1u5qrj4VEowaSbS/BQpXXSzz71Tc/0	bafyreibrul55dpkzyn4obxcebjjy4o5urzbqn7dtp5gbcfg5qzuubgf5du
1iDtEuOq2p3C9nCMwpNqgopOdVx/Z0mzy2Wzu0ESvZM	6HRzIBzPUwe7/wrjn4M/21Hs1v0iZxXxd4fr9VloJ3c	bafyreicpwzv4g3673nyj2hjs2ezgxnxmu4u47ysvl4kgp2x6gzutvmnz64
1iDtEuOq2p3C9nCMwpNqgopOdVx/Z0mzy2Wzu0ESvZM	6HRzIBzPUwe7/wrjn4M/21Hs1v0iZxXxd4fr9VloJ3c	bafyreibrul55dpkzyn4obxcebjjy4o5urzbqn7dtp5gbcfg5qzuubgf5du
2k8WbRncg+Xn99yMwPo36SSbsgx5RhX7BmAQpg2NspA	zQ1grmCx0I9i59TYTXXKUHsT6s7Qj2WQy26ORv2k8dk	bafyreicpwzv4g3673nyj2hjs2ezgxnxmu4u47ysvl4kgp2x6gzutvmnz64
2k8WbRncg+Xn99yMwPo36SSbsgx5RhX7BmAQpg2NspA	zQ1grmCx0I9i59TYTXXKUHsT6s7Qj2WQy26ORv2k8dk	bafyreibrul55dpkzyn4obxcebjjy4o5urzbqn7dtp5gbcfg5qzuubgf5du
mz0yaiThwbKG1nnkxOtZf7DgyTxPQ7/J0WOv/99/Y0k	nQYarC6bZEA5skjn5xzJlu1V+D64ugQapmDVAYrpvVo	bafyreicpwzv4g3673nyj2hjs2ezgxnxmu4u47ysvl4kgp2x6gzutvmnz64
mz0yaiThwbKG1nnkxOtZf7DgyTxPQ7/J0WOv/99/Y0k	nQYarC6bZEA5skjn5xzJlu1V+D64ugQapmDVAYrpvVo	bafyreibrul55dpkzyn4obxcebjjy4o5urzbqn7dtp5gbcfg5qzuubgf5du
ELnpRwdp7+O2cdclr5J0nMdIJZHVqorF3oNfccWFQvg	sSU1IqIDcxWPDaX6FSkU+ZYS5LJTFqI2GU3KtsTskic	bafyreicpwzv4g3673nyj2hjs2ezgxnxmu4u47ysvl4kgp2x6gzutvmnz64
ELnpRwdp7+O2cdclr5J0nMdIJZHVqorF3oNfccWFQvg	sSU1IqIDcxWPDaX6FSkU+ZYS5LJTFqI2GU3KtsTskic	bafyreibrul55dpkzyn4obxcebjjy4o5urzbqn7dtp5gbcfg5qzuubgf5du
kq74tddiEzNyFe39YY4GeQ5onmRYhepEq10drU8JhNE	fMZ4UQdQsanK+e1nQdkBKY4/RRCBTLsua6Km4NcJB2M	bafyreicpwzv4g3673nyj2hjs2ezgxnxmu4u47ysvl4kgp2x6gzutvmnz64
kq74tddiEzNyFe39YY4GeQ5onmRYhepEq10drU8JhNE	fMZ4UQdQsanK+e1nQdkBKY4/RRCBTLsua6Km4NcJB2M	bafyreibrul55dpkzyn4obxcebjjy4o5urzbqn7dtp5gbcfg5qzuubgf5du
y2QPlps6N8IQTGIw9TEokfGR+ENGFNbQNgwBYv+uxmo	P4oH7Wq4cSLq3ahp3Enuz0wkpjTaVAVKv+pn6cf3AzY	bafyreicpwzv4g3673nyj2hjs2ezgxnxmu4u47ysvl4kgp2x6gzutvmnz64
y2QPlps6N8IQTGIw9TEokfGR+ENGFNbQNgwBYv+uxmo	P4oH7Wq4cSLq3ahp3Enuz0wkpjTaVAVKv+pn6cf3AzY	bafyreibrul55dpkzyn4obxcebjjy4o5urzbqn7dtp5gbcfg5qzuubgf5du
QMLMx0P1wr37VyrK9cbb5Z6PWEHdDUFbcSsV67MpA2k	jeuHgPiPTjeLYYumg0OPH0HVsKwudHHeoxR6Cv+lY/k	bafyreicpwzv4g3673nyj2hjs2ezgxnxmu4u47ysvl4kgp2x6gzutvmnz64
QMLMx0P1wr37VyrK9cbb5Z6PWEHdDUFbcSsV67MpA2k	jeuHgPiPTjeLYYumg0OPH0HVsKwudHHeoxR6Cv+lY/k	bafyreibrul55dpkzyn4obxcebjjy4o5urzbqn7dtp5gbcfg5qzuubgf5du
6a47mTaORO7hM1+WU32YbtT5Bl6IgLRxu9woha7KxsA	dd+D8m4JUINm+qnIxRHNbb9Ae4AjlJbx5q3E846I5kc	bafyreicpwzv4g3673nyj2hjs2ezgxnxmu4u47ysvl4kgp2x6gzutvmnz64
6a47mTaORO7hM1+WU32YbtT5Bl6IgLRxu9woha7KxsA	dd+D8m4JUINm+qnIxRHNbb9Ae4AjlJbx5q3E846I5kc	bafyreibrul55dpkzyn4obxcebjjy4o5urzbqn7dtp5gbcfg5qzuubgf5du
qgHdlwZurZ6e6YdlvPBy+bUHfpW5VPtD+SGauX/Q77g	Dh2rP2YE3wzR9TkY9G5lVZXZn1NNrLR1gpSTvvvoPJo	bafyreicpwzv4g3673nyj2hjs2ezgxnxmu4u47ysvl4kgp2x6gzutvmnz64
qgHdlwZurZ6e6YdlvPBy+bUHfpW5VPtD+SGauX/Q77g	Dh2rP2YE3wzR9TkY9G5lVZXZn1NNrLR1gpSTvvvoPJo	bafyreibrul55dpkzyn4obxcebjjy4o5urzbqn7dtp5gbcfg5qzuubgf5du
IZvluC8i2V5oThkuYtTr5e82YF5AU1JmA/ZCMdjxpVQ	Ic/y85jqNGlO639uGOpgYbqXriwFQ5JntXG0vpR3W/I	bafyreicpwzv4g3673nyj2hjs2ezgxnxmu4u47ysvl4kgp2x6gzutvmnz64
IZvluC8i2V5oThkuYtTr5e82YF5AU1JmA/ZCMdjxpVQ	Ic/y85jqNGlO639uGOpgYbqXriwFQ5JntXG0vpR3W/I	bafyreibrul55dpkzyn4obxcebjjy4o5urzbqn7dtp5gbcfg5qzuubgf5du
/88ZdtWewLbvrZ59PPShWLDVBRvEC7+GFMITKW9cM7I	9EirLLBHrJLL8C7swwhfSB+HBvjjcmzFpSOhNtBxtcc	bafyreicpwzv4g3673nyj2hjs2ezgxnxmu4u47ysvl4kgp2x6gzutvmnz64
/88ZdtWewLbvrZ59PPShWLDVBRvEC7+GFMITKW9cM7I	9EirLLBHrJLL8C7swwhfSB+HBvjjcmzFpSOhNtBxtcc	bafyreibrul55dpkzyn4obxcebjjy4o5urzbqn7dtp5gbcfg5qzuubgf5du
cTEl+yt2yccWVSBZpp24CLwQMfxg51rUSGsm84Rd3g4	iVPjKIUTf1GkV0V13SkCIosW/UI6Fn8j6CU9QemO39g	bafyreicpwzv4g3673nyj2hjs2ezgxnxmu4u47ysvl4kgp2x6gzutvmnz64
cTEl+yt2yccWVSBZpp24CLwQMfxg51rUSGsm84Rd3g4	iVPjKIUTf1GkV0V13SkCIosW/UI6Fn8j6CU9QemO39g	bafyreibrul55dpkzyn4obxcebjjy4o5urzbqn7dtp5gbcfg5qzuubgf5du
uEgj4I3KAQ53QzjKAMr7X1qyH7F/IMGt5xavr3q2QVs	JzQyULCc4iana1/Z0MAKOijaTKUMj7YZq/0fvca6UTc	bafyreicpwzv4g3673nyj2hjs2ezgxnxmu4u47ysvl4kgp2x6gzutvmnz64
uEgj4I3KAQ53QzjKAMr7X1qyH7F/IMGt5xavr3q2QVs	JzQyULCc4iana1/Z0MAKOijaTKUMj7YZq/0fvca6UTc	bafyreibrul55dpkzyn4obxcebjjy4o5urzbqn7dtp5gbcfg5qzuubgf5du
pvLTgnNi21zMBfem5jaQb+yefAxVHSlbS+bnjNHZM3Y	XXH9KptadcByFAsQg4myO94mgsnv3tl/dB1FAEfRD6w	bafyreicpwzv4g3673nyj2hjs2ezgxnxmu4u47ysvl4kgp2x6gzutvmnz64
pvLTgnNi21zMBfem5jaQb+yefAxVHSlbS+bnjNHZM3Y	XXH9KptadcByFAsQg4myO94mgsnv3tl/dB1FAEfRD6w	bafyreibrul55dpkzyn4obxcebjjy4o5urzbqn7dtp5gbcfg5qzuubgf5du
q6mujQ6IsVM0YVLxCmtd/4QpFKxGc3ePA78p/ROsWH0	jSJHbyTgP/0rHW1NzwqSveuR08pPygW36hK5pA5LVZE	bafyreicpwzv4g3673nyj2hjs2ezgxnxmu4u47ysvl4kgp2x6gzutvmnz64
q6mujQ6IsVM0YVLxCmtd/4QpFKxGc3ePA78p/ROsWH0	jSJHbyTgP/0rHW1NzwqSveuR08pPygW36hK5pA5LVZE	bafyreibrul55dpkzyn4obxcebjjy4o5urzbqn7dtp5gbcfg5qzuubgf5du
4BZO7Yeesl7W/aix2PZXukTXi9ZFzm/4xWy7SVtvESM	81LPXIw7s08dchvu6hA3enqYhe/aWLhSqyEsJtZ6QOw	bafyreicpwzv4g3673nyj2hjs2ezgxnxmu4u47ysvl4kgp2x6gzutvmnz64
4BZO7Yeesl7W/aix2PZXukTXi9ZFzm/4xWy7SVtvESM	81LPXIw7s08dchvu6hA3enqYhe/aWLhSqyEsJtZ6QOw	bafyreibrul55dpkzyn4obxcebjjy4o5urzbqn7dtp5gbcfg5qzuubgf5du
MY8vzUVX8QUll0WDjVGOjknynfqiHBRw/3ir3CIp7QM	udEc+Vf94B/RQ3/OBlIwZU8vMUITwUZNuZH49afDa0c	bafyreicpwzv4g3673nyj2hjs2ezgxnxmu4u47ysvl4kgp2x6gzutvmnz64
MY8vzUVX8QUll0WDjVGOjknynfqiHBRw/3ir3CIp7QM	udEc+Vf94B/RQ3/OBlIwZU8vMUITwUZNuZH49afDa0c	bafyreibrul55dpkzyn4obxcebjjy4o5urzbqn7dtp5gbcfg5qzuubgf5du
QdhjMsnK0z7262jPpny3aahZy37GsL1q2t0kYpChBQc	th1fFVVa+Xtw+FMUGKCNFML8xJbipLMZUtvSIJX3eaU	bafyreicpwzv4g3673nyj2hjs2ezgxnxmu4u47ysvl4kgp2x6gzutvmnz64
QdhjMsnK0z7262jPpny3aahZy37GsL1q2t0kYpChBQc	th1fFVVa+Xtw+FMUGKCNFML8xJbipLMZUtvSIJX3eaU	bafyreibrul55dpkzyn4obxcebjjy4o5urzbqn7dtp5gbcfg5qzuubgf5du
9zedBOv0rZjQsKk8U7P+dMvVsTtJSEBz6ulQ73Yiw4c	R093vKAIwYUdOEeDBdu23ykKKgEb6sgsDPVKSa6XwSw	bafyreicpwzv4g3673nyj2hjs2ezgxnxmu4u47ysvl4kgp2x6gzutvmnz64
9zedBOv0rZjQsKk8U7P+dMvVsTtJSEBz6ulQ73Yiw4c	R093vKAIwYUdOEeDBdu23ykKKgEb6sgsDPVKSa6XwSw	bafyreibrul55dpkzyn4obxcebjjy4o5urzbqn7dtp5gbcfg5qzuubgf5du
xb0+rlmYs2lTUb498FiIXJL5tDuOEzTGedFZEnPQouo	CEFDdjfnJg7YnFYSXrWyhGVAks7LmPg7CzRbejfc16A	bafyreicpwzv4g3673nyj2hjs2ezgxnxmu4u47ysvl4kgp2x6gzutvmnz64
xb0+rlmYs2lTUb498FiIXJL5tDuOEzTGedFZEnPQouo	CEFDdjfnJg7YnFYSXrWyhGVAks7LmPg7CzRbejfc16A	bafyreibrul55dpkzyn4obxcebjjy4o5urzbqn7dtp5gbcfg5qzuubgf5du
axc/XCo7Ck+p4/gPguTlX90n/VvOuApiGja0grtG4lg	08KeDLBuxL39gnjjzVRNH0UU1eMMCXZim1xu72q82WY	bafyreicpwzv4g3673nyj2hjs2ezgxnxmu4u47ysvl4kgp2x6gzutvmnz64
axc/XCo7Ck+p4/gPguTlX90n/VvOuApiGja0grtG4lg	08KeDLBuxL39gnjjzVRNH0UU1eMMCXZim1xu72q82WY	bafyreibrul55dpkzyn4obxcebjjy4o5urzbqn7dtp5gbcfg5qzuubgf5du
bB5JeYjvCRDHqYfk4UlnwVvahx3j/3e3MYGeZIQVEY4	kl/Z7czCTS2Laun/HmrJ3+XqQEcTtRwYaBfGnzs8hDo	bafyreicpwzv4g3673nyj2hjs2ezgxnxmu4u47ysvl4kgp2x6gzutvmnz64
bB5JeYjvCRDHqYfk4UlnwVvahx3j/3e3MYGeZIQVEY4	kl/Z7czCTS2Laun/HmrJ3+XqQEcTtRwYaBfGnzs8hDo	bafyreibrul55dpkzyn4obxcebjjy4o5urzbqn7dtp5gbcfg5qzuubgf5du
KAXfmfd2SL+3BvHxQqfbcrlIJv0e7jBrjdS9VrdqkfA	NEcAdmz+NjuBbj4zFpTHTLpvfEsrqrrZj6tpcbW97H8	bafyreicpwzv4g3673nyj2hjs2ezgxnxmu4u47ysvl4kgp2x6gzutvmnz64
KAXfmfd2SL+3BvHxQqfbcrlIJv0e7jBrjdS9VrdqkfA	NEcAdmz+NjuBbj4zFpTHTLpvfEsrqrrZj6tpcbW97H8	bafyreibrul55dpkzyn4obxcebjjy4o5urzbqn7dtp5gbcfg5qzuubgf5du
EU4ttPAdoe075GyuHTIwjI8UpK3lAXoIL6OKdVI/8BU	ovHzcYammO4Y4E1/jWpqeOTqU/mpI8Wk/5wVyA35klQ	bafyreicpwzv4g3673nyj2hjs2ezgxnxmu4u47ysvl4kgp2x6gzutvmnz64
EU4ttPAdoe075GyuHTIwjI8UpK3lAXoIL6OKdVI/8BU	ovHzcYammO4Y4E1/jWpqeOTqU/mpI8Wk/5wVyA35klQ	bafyreibrul55dpkzyn4obxcebjjy4o5urzbqn7dtp5gbcfg5qzuubgf5du
gnvva+SOoeuUJqxne8HkT1RR00jHZA46sVW+pdcd+vI	hZQv0XEsQ0MCqO/OGxcjq5cnfthh22EEnZjuokLQPQI	bafyreicpwzv4g3673nyj2hjs2ezgxnxmu4u47ysvl4kgp2x6gzutvmnz64
gnvva+SOoeuUJqxne8HkT1RR00jHZA46sVW+pdcd+vI	hZQv0XEsQ0MCqO/OGxcjq5cnfthh22EEnZjuokLQPQI	bafyreibrul55dpkzyn4obxcebjjy4o5urzbqn7dtp5gbcfg5qzuubgf5du
SZn9kP23A5BALsZpCiQL/grp0/94j1/QO1AzlQx2R4M	1ILqkMLPBIhPpCpyAF99VApHoiXh1zwP4vMzhS8c6Hs	bafyreicpwzv4g3673nyj2hjs2ezgxnxmu4u47ysvl4kgp2x6gzutvmnz64
SZn9kP23A5BALsZpCiQL/grp0/94j1/QO1AzlQx2R4M	1ILqkMLPBIhPpCpyAF99VApHoiXh1zwP4vMzhS8c6Hs	bafyreibrul55dpkzyn4obxcebjjy4o5urzbqn7dtp5gbcfg5qzuubgf5du
Krr+JcowmZ/IHho7lP4qNaoUovNhmYC4zek7guftJH0	4lYcOP1v7EkWE72L9FGXlOAXcx54STs5a5tf1D5ZsDU	bafyreicpwzv4g3673nyj2hjs2ezgxnxmu4u47ysvl4kgp2x6gzutvmnz64
Krr+JcowmZ/IHho7lP4qNaoUovNhmYC4zek7guftJH0	4lYcOP1v7EkWE72L9FGXlOAXcx54STs5a5tf1D5ZsDU	bafyreibrul55dpkzyn4obxcebjjy4o5urzbqn7dtp5gbcfg5qzuubgf5du
lqPpsR2DdyvRopsku5flS5uB/H6R4Huk3Yq1hxQIJIk	sFYo7gCcA0Bni+XFLItnB5Cs4B3D52ZN/6r/Php6BaA	bafyreicpwzv4g3673nyj2hjs2ezgxnxmu4u47ysvl4kgp2x6gzutvmnz64
lqPpsR2DdyvRopsku5flS5uB/H6R4Huk3Yq1hxQIJIk	sFYo7gCcA0Bni+XFLItnB5Cs4B3D52ZN/6r/Php6BaA	bafyreibrul55dpkzyn4obxcebjjy4o5urzbqn7dtp5gbcfg5qzuubgf5du
miIF1XUX1OTOZ/ANP21TZXjtwSoPwzTLOSwJxHDfeaQ	EkZio14nRezwQHylih+pp/tnr357JWjVWInApFN6rB0	bafyreicpwzv4g3673nyj2hjs2ezgxnxmu4u47ysvl4kgp2x6gzutvmnz64
miIF1XUX1OTOZ/ANP21TZXjtwSoPwzTLOSwJxHDfeaQ	EkZio14nRezwQHylih+pp/tnr357JWjVWInApFN6rB0	bafyreibrul55dpkzyn4obxcebjjy4o5urzbqn7dtp5gbcfg5qzuubgf5du
EPlpKDEP4U/K1+JZ8EViirZTovA4clHEC4x9aO48ekw	bvfmNUA0Y34ASmAlRyX10uCBiSzrWSnZPFKmgS6cLNc	bafyreicpwzv4g3673nyj2hjs2ezgxnxmu4u47ysvl4kgp2x6gzutvmnz64
EPlpKDEP4U/K1+JZ8EViirZTovA4clHEC4x9aO48ekw	bvfmNUA0Y34ASmAlRyX10uCBiSzrWSnZPFKmgS6cLNc	bafyreibrul55dpkzyn4obxcebjjy4o5urzbqn7dtp5gbcfg5qzuubgf5du
+RZ9HRTJkx6jra6HoTjqD9ENAAQ6HIU1WvE1d4DUHFA	hiUl/TIVkz4L1qvbIzt7L4JhpbeEbyhULik2SNc9F4E	bafyreicpwzv4g3673nyj2hjs2ezgxnxmu4u47ysvl4kgp2x6gzutvmnz64
+RZ9HRTJkx6jra6HoTjqD9ENAAQ6HIU1WvE1d4DUHFA	hiUl/TIVkz4L1qvbIzt7L4JhpbeEbyhULik2SNc9F4E	bafyreibrul55dpkzyn4obxcebjjy4o5urzbqn7dtp5gbcfg5qzuubgf5du
cbURitG96FoT/R+pPGhg+4oP68MO05qYuPDJsmWJ4fk	DgmFJN4+l4wDOXO4g/R4gljNzvt6ETqSNqxg0wjOgsk	bafyreicpwzv4g3673nyj2hjs2ezgxnxmu4u47ysvl4kgp2x6gzutvmnz64
cbURitG96FoT/R+pPGhg+4oP68MO05qYuPDJsmWJ4fk	DgmFJN4+l4wDOXO4g/R4gljNzvt6ETqSNqxg0wjOgsk	bafyreibrul55dpkzyn4obxcebjjy4o5urzbqn7dtp5gbcfg5qzuubgf5du
tRJSpZZdktX1jEO8rY6RczmiJb6ngJ7DLPuxRJNx+uU	hKnPdMCc0l0QSQfXBAXV9qHQxgEh9fJAeKsBpExrkBM	bafyreicpwzv4g3673nyj2hjs2ezgxnxmu4u47ysvl4kgp2x6gzutvmnz64
tRJSpZZdktX1jEO8rY6RczmiJb6ngJ7DLPuxRJNx+uU	hKnPdMCc0l0QSQfXBAXV9qHQxgEh9fJAeKsBpExrkBM	bafyreibrul55dpkzyn4obxcebjjy4o5urzbqn7dtp5gbcfg5qzuubgf5du
ySRhDjdgvZ88xjzp+eMk9rG/kh1+kdPzNz2t5nL7V6g	wBrpSFG30nOCtsmy+BywtHt/aWGUvk8IAFOBrP23g70	bafyreicpwzv4g3673nyj2hjs2ezgxnxmu4u47ysvl4kgp2x6gzutvmnz64
ySRhDjdgvZ88xjzp+eMk9rG/kh1+kdPzNz2t5nL7V6g	wBrpSFG30nOCtsmy+BywtHt/aWGUvk8IAFOBrP23g70	bafyreibrul55dpkzyn4obxcebjjy4o5urzbqn7dtp5gbcfg5qzuubgf5du
gq87KoR9mrQFFgwWc/4fUCDoEvnC3SwQIHkAZHDKCuc	4ZdlTU3ml+fA2h1CG/dCAuEBm5+rh0rBfWfdqfBMekA	bafyreicpwzv4g3673nyj2hjs2ezgxnxmu4u47ysvl4kgp2x6gzutvmnz64
gq87KoR9mrQFFgwWc/4fUCDoEvnC3SwQIHkAZHDKCuc	4ZdlTU3ml+fA2h1CG/dCAuEBm5+rh0rBfWfdqfBMekA	bafyreibrul55dpkzyn4obxcebjjy4o5urzbqn7dtp5gbcfg5qzuubgf5du
TJl3ok8kbtLqHLvanFEm44BPNEuc9Pynulz3gNJdhKE	QmSAyrziYhj/xK8hFUI97Uve4Q7toGgPW92OGwYDg8c	bafyreicpwzv4g3673nyj2hjs2ezgxnxmu4u47ysvl4kgp2x6gzutvmnz64
TJl3ok8kbtLqHLvanFEm44BPNEuc9Pynulz3gNJdhKE	QmSAyrziYhj/xK8hFUI97Uve4Q7toGgPW92OGwYDg8c	bafyreibrul55dpkzyn4obxcebjjy4o5urzbqn7dtp5gbcfg5qzuubgf5du
7n8W11gQqsvQpb5kR8twdYn+RFkF6bKUCDEutoGGG5c	Pz9BSIgXb8uGC3Z3Yf2vluGFrKpjh/9CaL41Gx/hOjA	bafyreicpwzv4g3673nyj2hjs2ezgxnxmu4u47ysvl4kgp2x6gzutvmnz64
7n8W11gQqsvQpb5kR8twdYn+RFkF6bKUCDEutoGGG5c	Pz9BSIgXb8uGC3Z3Yf2vluGFrKpjh/9CaL41Gx/hOjA	bafyreibrul55dpkzyn4obxcebjjy4o5urzbqn7dtp5gbcfg5qzuubgf5du
P+bTllK4QaogrwuQnp2PWp7CqPHgF1UXtvsy8DExPQ8	979hq9HXl8Rl7zP5sKTp/ly7Ab90SFStizBpvQ3q40M	bafyreicpwzv4g3673nyj2hjs2ezgxnxmu4u47ysvl4kgp2x6gzutvmnz64
P+bTllK4QaogrwuQnp2PWp7CqPHgF1UXtvsy8DExPQ8	979hq9HXl8Rl7zP5sKTp/ly7Ab90SFStizBpvQ3q40M	bafyreibrul55dpkzyn4obxcebjjy4o5urzbqn7dtp5gbcfg5qzuubgf5du
LMXLxixKhT2NQ4Kn4zqdZuzOfNgwmODEb1RU9g8Dbu0	vLL3/7DCVxZFjbpuItztwjb2rngGpz7dffX4URVrNLk	bafyreicpwzv4g3673nyj2hjs2ezgxnxmu4u47ysvl4kgp2x6gzutvmnz64
LMXLxixKhT2NQ4Kn4zqdZuzOfNgwmODEb1RU9g8Dbu0	vLL3/7DCVxZFjbpuItztwjb2rngGpz7dffX4URVrNLk	bafyreibrul55dpkzyn4obxcebjjy4o5urzbqn7dtp5gbcfg5qzuubgf5du
yF0xrmhfSYh8vduJr3wSH4QA40wl59/aOje3CwqxTKw	GBupFXooJYK1zL99+TutCg/Bt6wIC2wCsY5QjMQdRas	bafyreicpwzv4g3673nyj2hjs2ezgxnxmu4u47ysvl4kgp2x6gzutvmnz64
yF0xrmhfSYh8vduJr3wSH4QA40wl59/aOje3CwqxTKw	GBupFXooJYK1zL99+TutCg/Bt6wIC2wCsY5QjMQdRas	bafyreibrul55dpkzyn4obxcebjjy4o5urzbqn7dtp5gbcfg5qzuubgf5du
8SJ0hnG/HDKdLgTHE0TIsuhtVNdh4dkpY0bB61RAP3s	rJ/XlgJct5TX/vtVdbycsBYACO19zy79arMmRbWrggc	bafyreicpwzv4g3673nyj2hjs2ezgxnxmu4u47ysvl4kgp2x6gzutvmnz64
8SJ0hnG/HDKdLgTHE0TIsuhtVNdh4dkpY0bB61RAP3s	rJ/XlgJct5TX/vtVdbycsBYACO19zy79arMmRbWrggc	bafyreibrul55dpkzyn4obxcebjjy4o5urzbqn7dtp5gbcfg5qzuubgf5du
PvAf6TFypl6Srk8rLo56AKBNcxKYBCBVXYDlNVrJCVA	g8uj4/GmVmw24kkvtWw2n1OWIwYM+OWcwLjOQl/8bSM	bafyreicpwzv4g3673nyj2hjs2ezgxnxmu4u47ysvl4kgp2x6gzutvmnz64
PvAf6TFypl6Srk8rLo56AKBNcxKYBCBVXYDlNVrJCVA	g8uj4/GmVmw24kkvtWw2n1OWIwYM+OWcwLjOQl/8bSM	bafyreibrul55dpkzyn4obxcebjjy4o5urzbqn7dtp5gbcfg5qzuubgf5du
klFZU7WGQewISlutFVO9ru22e4h/qc7zIchOQzFBvjs	jKgbPw6QV0r8I9aeIJXT1WpDua158l5TLMcPKz5YM1k	bafyreicpwzv4g3673nyj2hjs2ezgxnxmu4u47ysvl4kgp2x6gzutvmnz64
klFZU7WGQewISlutFVO9ru22e4h/qc7zIchOQzFBvjs	jKgbPw6QV0r8I9aeIJXT1WpDua158l5TLMcPKz5YM1k	bafyreibrul55dpkzyn4obxcebjjy4o5urzbqn7dtp5gbcfg5qzuubgf5du
wh+RnvG1KDVEkXXXDmZK2/kkhaLNu02nc4mD0wz0CY0	CfoaHjepQc6ZUw13O6aHfKKJpw4CKVs5ZkKXe0gEgWQ	bafyreicpwzv4g3673nyj2hjs2ezgxnxmu4u47ysvl4kgp2x6gzutvmnz64
wh+RnvG1KDVEkXXXDmZK2/kkhaLNu02nc4mD0wz0CY0	CfoaHjepQc6ZUw13O6aHfKKJpw4CKVs5ZkKXe0gEgWQ	bafyreibrul55dpkzyn4obxcebjjy4o5urzbqn7dtp5gbcfg5qzuubgf5du
0d6rKfycLvOiD0SgiZ3aDJ1MPuIF8B6Vnx/NKPrq/0A	JC7T8bSsYyAV/VfyOH/JA48bp/1OQoUJ6wzjyERkY9o	bafyreicpwzv4g3673nyj2hjs2ezgxnxmu4u47ysvl4kgp2x6gzutvmnz64
0d6rKfycLvOiD0SgiZ3aDJ1MPuIF8B6Vnx/NKPrq/0A	JC7T8bSsYyAV/VfyOH/JA48bp/1OQoUJ6wzjyERkY9o	bafyreibrul55dpkzyn4obxcebjjy4o5urzbqn7dtp5gbcfg5qzuubgf5du
QpbOap5/CqHsZbPpwHGdIbE/dkzubMpE7wowUY7U2I0	NJXjbK6WFg1HmjDa9PI2AXXADgwZK+o9Uf8/N+KHQjI	bafyreicpwzv4g3673nyj2hjs2ezgxnxmu4u47ysvl4kgp2x6gzutvmnz64
QpbOap5/CqHsZbPpwHGdIbE/dkzubMpE7wowUY7U2I0	NJXjbK6WFg1HmjDa9PI2AXXADgwZK+o9Uf8/N+KHQjI	bafyreibrul55dpkzyn4obxcebjjy4o5urzbqn7dtp5gbcfg5qzuubgf5du
BfeHTLw4/C1MNVCsOljdzE/3kl5ObZU/TIT+VPU0B7w	qQZC0Onj5ZzyPfVAvVDebnTTDlhK+OuTN2laDQM/K8M	bafyreicpwzv4g3673nyj2hjs2ezgxnxmu4u47ysvl4kgp2x6gzutvmnz64
BfeHTLw4/C1MNVCsOljdzE/3kl5ObZU/TIT+VPU0B7w	qQZC0Onj5ZzyPfVAvVDebnTTDlhK+OuTN2laDQM/K8M	bafyreibrul55dpkzyn4obxcebjjy4o5urzbqn7dtp5gbcfg5qzuubgf5du
0ct399qN3HixaH2BhUEWq7WqFk01CAMjwMop+fgnLMA	zTYm8ctjOvXZeyJyaHGrHl+SCHc3OkC087VyyxcVMt4	bafyreicpwzv4g3673nyj2hjs2ezgxnxmu4u47ysvl4kgp2x6gzutvmnz64
0ct399qN3HixaH2BhUEWq7WqFk01CAMjwMop+fgnLMA	zTYm8ctjOvXZeyJyaHGrHl+SCHc3OkC087VyyxcVMt4	bafyreibrul55dpkzyn4obxcebjjy4o5urzbqn7dtp5gbcfg5qzuubgf5du
+ZYkbTm53Lc3rUG1/SZXO7DcV5z/ur0vyuptPFaIhjs	l0MfEOuZKjpctJ4Ytx8lB2TyaqFaNtpdOMEyh/wUnO8	bafyreicpwzv4g3673nyj2hjs2ezgxnxmu4u47ysvl4kgp2x6gzutvmnz64
+ZYkbTm53Lc3rUG1/SZXO7DcV5z/ur0vyuptPFaIhjs	l0MfEOuZKjpctJ4Ytx8lB2TyaqFaNtpdOMEyh/wUnO8	bafyreibrul55dpkzyn4obxcebjjy4o5urzbqn7dtp5gbcfg5qzuubgf5du
f5nvK6V3GbPrzl4I/PRfynNhBcWFrDpTJLFFNMa2aLo	SxuApgharIW9UujnveOJTiSZ9wmjupT9adllvizYByU	bafyreicpwzv4g3673nyj2hjs2ezgxnxmu4u47ysvl4kgp2x6gzutvmnz64
f5nvK6V3GbPrzl4I/PRfynNhBcWFrDpTJLFFNMa2aLo	SxuApgharIW9UujnveOJTiSZ9wmjupT9adllvizYByU	bafyreibrul55dpkzyn4obxcebjjy4o5urzbqn7dtp5gbcfg5qzuubgf5du
2m4tVil339p2hDObdinev2yks3PoAtSymo7TO2yfHIY	mmrMy7uacRU+G3Vo5+N72Yfsl/UIHYe7cFpjHvJy5yY	bafyreicpwzv4g3673nyj2hjs2ezgxnxmu4u47ysvl4kgp2x6gzutvmnz64
2m4tVil339p2hDObdinev2yks3PoAtSymo7TO2yfHIY	mmrMy7uacRU+G3Vo5+N72Yfsl/UIHYe7cFpjHvJy5yY	bafyreibrul55dpkzyn4obxcebjjy4o5urzbqn7dtp5gbcfg5qzuubgf5du
1IoZYfTR80L45oj0JOqIbJbGTrEpsMJ/5IrKr+F3IRI	Ur8ohnlNm+2ObetVQyhQ/nrXUI2JURzy02pP3/oruR0	bafyreicpwzv4g3673nyj2hjs2ezgxnxmu4u47ysvl4kgp2x6gzutvmnz64
1IoZYfTR80L45oj0JOqIbJbGTrEpsMJ/5IrKr+F3IRI	Ur8ohnlNm+2ObetVQyhQ/nrXUI2JURzy02pP3/oruR0	bafyreibrul55dpkzyn4obxcebjjy4o5urzbqn7dtp5gbcfg5qzuubgf5du
aUJNS8FQyO17PQotw9L/OKbcZLqskXumW9KFKN1rw6s	wnaoF97nQWpLjz4tvwZbB6v8n9z3asYGtYMi5OgfNFE	bafyreicpwzv4g3673nyj2hjs2ezgxnxmu4u47ysvl4kgp2x6gzutvmnz64
aUJNS8FQyO17PQotw9L/OKbcZLqskXumW9KFKN1rw6s	wnaoF97nQWpLjz4tvwZbB6v8n9z3asYGtYMi5OgfNFE	bafyreibrul55dpkzyn4obxcebjjy4o5urzbqn7dtp5gbcfg5qzuubgf5du
t708zCRiqLrwnUScAcKs+RbiR5KORnSm0dkopxUbFdQ	oKodEwsT2JJ1G8UQW/JBLriZmlpjzbNnKuKnVF3Jd9o	bafyreicpwzv4g3673nyj2hjs2ezgxnxmu4u47ysvl4kgp2x6gzutvmnz64
t708zCRiqLrwnUScAcKs+RbiR5KORnSm0dkopxUbFdQ	oKodEwsT2JJ1G8UQW/JBLriZmlpjzbNnKuKnVF3Jd9o	bafyreibrul55dpkzyn4obxcebjjy4o5urzbqn7dtp5gbcfg5qzuubgf5du
Tp0tS+TH+wvI13UY7QE0JjSaybMNnFxEFlfI3q5UxwM	/A6AKaoYVJwG01fnmB0xCBxNZ3uRbBysDJndM+xfX9k	bafyreicpwzv4g3673nyj2hjs2ezgxnxmu4u47ysvl4kgp2x6gzutvmnz64
Tp0tS+TH+wvI13UY7QE0JjSaybMNnFxEFlfI3q5UxwM	/A6AKaoYVJwG01fnmB0xCBxNZ3uRbBysDJndM+xfX9k	bafyreibrul55dpkzyn4obxcebjjy4o5urzbqn7dtp5gbcfg5qzuubgf5du
p7B/HVKq4mV0Z/Me1TCcOK4YumZ77vtsYV6WOEoD1VY	Gmw3DKJRksfPwVDIPQzrDbAhVK3LEBgAlJMog1daP+I	bafyreicpwzv4g3673nyj2hjs2ezgxnxmu4u47ysvl4kgp2x6gzutvmnz64
p7B/HVKq4mV0Z/Me1TCcOK4YumZ77vtsYV6WOEoD1VY	Gmw3DKJRksfPwVDIPQzrDbAhVK3LEBgAlJMog1daP+I	bafyreibrul55dpkzyn4obxcebjjy4o5urzbqn7dtp5gbcfg5qzuubgf5du
W1XO98lRbOA9boRp3DpCD4tMMCfcVXsSkI0kfwRQoJg	PKJZJvi70c5pUKEnAN6x4DFPc1Y0v0Ouy5z7mhCk4hA	bafyreicpwzv4g3673nyj2hjs2ezgxnxmu4u47ysvl4kgp2x6gzutvmnz64
W1XO98lRbOA9boRp3DpCD4tMMCfcVXsSkI0kfwRQoJg	PKJZJvi70c5pUKEnAN6x4DFPc1Y0v0Ouy5z7mhCk4hA	bafyreibrul55dpkzyn4obxcebjjy4o5urzbqn7dtp5gbcfg5qzuubgf5du
89kc1qyd2TExA8enkeBkX0NQKbyTioV5KdxSaIufw5E	hKS/0Do9/tg1qIMZOqsA2e0xK1M4gANh7wzkg+tXOS4	bafyreicpwzv4g3673nyj2hjs2ezgxnxmu4u47ysvl4kgp2x6gzutvmnz64
89kc1qyd2TExA8enkeBkX0NQKbyTioV5KdxSaIufw5E	hKS/0Do9/tg1qIMZOqsA2e0xK1M4gANh7wzkg+tXOS4	bafyreibrul55dpkzyn4obxcebjjy4o5urzbqn7dtp5gbcfg5qzuubgf5du
KePfQFrRTQJRTVTcpRZvhLIqXRqF/iZaiWRbfuaNYIU	2YOb1+INqqDCxHQVFBw/zAqRQhYxh3um6g+7i1r7a4U	bafyreicpwzv4g3673nyj2hjs2ezgxnxmu4u47ysvl4kgp2x6gzutvmnz64
KePfQFrRTQJRTVTcpRZvhLIqXRqF/iZaiWRbfuaNYIU	2YOb1+INqqDCxHQVFBw/zAqRQhYxh3um6g+7i1r7a4U	bafyreibrul55dpkzyn4obxcebjjy4o5urzbqn7dtp5gbcfg5qzuubgf5du
63ZCh1Uo6GupbPvQ2UvbYbm3ma+L+B9WvyGrOpqG6GE	3uM5qsE5e7aARiW/c0MCLhe3gc2kzAD6N+INky5fEMc	bafyreicpwzv4g3673nyj2hjs2ezgxnxmu4u47ysvl4kgp2x6gzutvmnz64
63ZCh1Uo6GupbPvQ2UvbYbm3ma+L+B9WvyGrOpqG6GE	3uM5qsE5e7aARiW/c0MCLhe3gc2kzAD6N+INky5fEMc	bafyreibrul55dpkzyn4obxcebjjy4o5urzbqn7dtp5gbcfg5qzuubgf5du
9p3Gd7eENFhLS5c/nss12qFuPPxotgn9WxSs8rp8YuE	Qgmv3Zx7TGcb+DIqrNpZaW2ittGagJtNR+7ag8qjeQU	bafyreicpwzv4g3673nyj2hjs2ezgxnxmu4u47ysvl4kgp2x6gzutvmnz64
9p3Gd7eENFhLS5c/nss12qFuPPxotgn9WxSs8rp8YuE	Qgmv3Zx7TGcb+DIqrNpZaW2ittGagJtNR+7ag8qjeQU	bafyreibrul55dpkzyn4obxcebjjy4o5urzbqn7dtp5gbcfg5qzuubgf5du
3kOqQONC6cAD41AiG96SR+IjyDbi6mcmKr4g8A9y3Ec	yS4YwHoUdVECIEOiB/f1zRM6ygx0McE6vPi7QGBgdlk	bafyreicpwzv4g3673nyj2hjs2ezgxnxmu4u47ysvl4kgp2x6gzutvmnz64
3kOqQONC6cAD41AiG96SR+IjyDbi6mcmKr4g8A9y3Ec	yS4YwHoUdVECIEOiB/f1zRM6ygx0McE6vPi7QGBgdlk	bafyreibrul55dpkzyn4obxcebjjy4o5urzbqn7dtp5gbcfg5qzuubgf5du
70tuuKyLnsNsLv6cSi2Eoh67K84zpmQPQarHibkqK/0	p5BPOh7eqRhmkKuM+OJIz1Zml23c+Jqf1rAj/ozmUE4	bafyreicpwzv4g3673nyj2hjs2ezgxnxmu4u47ysvl4kgp2x6gzutvmnz64
70tuuKyLnsNsLv6cSi2Eoh67K84zpmQPQarHibkqK/0	p5BPOh7eqRhmkKuM+OJIz1Zml23c+Jqf1rAj/ozmUE4	bafyreibrul55dpkzyn4obxcebjjy4o5urzbqn7dtp5gbcfg5qzuubgf5du
cM9xka4coOMJrOlasfzyATxRb6nqfnKGTT6519cyEF4	CmAU8jDVDNx1c3eLbk1tjJOZIQACu+pfkkDTb+9mHio	bafyreicpwzv4g3673nyj2hjs2ezgxnxmu4u47ysvl4kgp2x6gzutvmnz64
cM9xka4coOMJrOlasfzyATxRb6nqfnKGTT6519cyEF4	CmAU8jDVDNx1c3eLbk1tjJOZIQACu+pfkkDTb+9mHio	bafyreibrul55dpkzyn4obxcebjjy4o5urzbqn7dtp5gbcfg5qzuubgf5du
svHDjrARdgproP7yksxGNKJ2wXjIQ4PMWeoETVeDeJ8	Pv7PoUj+x4Pe3Tkwn2xm3MbALXpeLWkxI2Mntp5FqhY	bafyreicpwzv4g3673nyj2hjs2ezgxnxmu4u47ysvl4kgp2x6gzutvmnz64
svHDjrARdgproP7yksxGNKJ2wXjIQ4PMWeoETVeDeJ8	Pv7PoUj+x4Pe3Tkwn2xm3MbALXpeLWkxI2Mntp5FqhY	bafyreibrul55dpkzyn4obxcebjjy4o5urzbqn7dtp5gbcfg5qzuubgf5du
5N5AXr+j9BGioEtef98qmtqXuZljeiI1GRNb/U1aui4	FlOTrfvtkABFk0ZrflhsJGF09uVewWMl6QQlRch6SZc	bafyreicpwzv4g3673nyj2hjs2ezgxnxmu4u47ysvl4kgp2x6gzutvmnz64
5N5AXr+j9BGioEtef98qmtqXuZljeiI1GRNb/U1aui4	FlOTrfvtkABFk0ZrflhsJGF09uVewWMl6QQlRch6SZc	bafyreibrul55dpkzyn4obxcebjjy4o5urzbqn7dtp5gbcfg5qzuubgf5du
Jjk83SpTAkkwO0SEipOH8CqvkgYBndgHP1t7YJFysRo	adCQ20HCT9UTTz6QhH4Ob3ldjyjKMr5kUfSGsHrSeIM	bafyreicpwzv4g3673nyj2hjs2ezgxnxmu4u47ysvl4kgp2x6gzutvmnz64
Jjk83SpTAkkwO0SEipOH8CqvkgYBndgHP1t7YJFysRo	adCQ20HCT9UTTz6QhH4Ob3ldjyjKMr5kUfSGsHrSeIM	bafyreibrul55dpkzyn4obxcebjjy4o5urzbqn7dtp5gbcfg5qzuubgf5du
okNI1rpq0vt2d5BbT2ZsyXmANKdpQjeHPyYDfjeIUgA	IzN/YqmKDixIiff4zNptfRMg5KVtAfW+fr2QhMDMM2c	bafyreicpwzv4g3673nyj2hjs2ezgxnxmu4u47ysvl4kgp2x6gzutvmnz64
okNI1rpq0vt2d5BbT2ZsyXmANKdpQjeHPyYDfjeIUgA	IzN/YqmKDixIiff4zNptfRMg5KVtAfW+fr2QhMDMM2c	bafyreibrul55dpkzyn4obxcebjjy4o5urzbqn7dtp5gbcfg5qzuubgf5du
fEGMmgfEtEuRZTvKGDsKntNzW+Tk1PTqsK+DEZ6H3lY	l+xz7ptYIYhDfxA7YbF1zz+P9T/ydmuSFdpxns2mJBQ	bafyreicpwzv4g3673nyj2hjs2ezgxnxmu4u47ysvl4kgp2x6gzutvmnz64
fEGMmgfEtEuRZTvKGDsKntNzW+Tk1PTqsK+DEZ6H3lY	l+xz7ptYIYhDfxA7YbF1zz+P9T/ydmuSFdpxns2mJBQ	bafyreibrul55dpkzyn4obxcebjjy4o5urzbqn7dtp5gbcfg5qzuubgf5du
TrZb3cSUYyVlTYJE9y01VwCxr0V9jlrNqD+n1pQGW3M	wkvNn+cb6Ugs2WC1HnFobnJUZ6QL07+LZ46rPZr1bTA	bafyreicpwzv4g3673nyj2hjs2ezgxnxmu4u47ysvl4kgp2x6gzutvmnz64
TrZb3cSUYyVlTYJE9y01VwCxr0V9jlrNqD+n1pQGW3M	wkvNn+cb6Ugs2WC1HnFobnJUZ6QL07+LZ46rPZr1bTA	bafyreibrul55dpkzyn4obxcebjjy4o5urzbqn7dtp5gbcfg5qzuubgf5du
hT2rOHDhALFVUUwXtH0vPp8rvGrC/kcTiCmuUnLWmP0	iXuB0BUWH4t2Zd9P4b8Fhu8hPnzrt7jowNquP5m4pmw	bafyreicpwzv4g3673nyj2hjs2ezgxnxmu4u47ysvl4kgp2x6gzutvmnz64
hT2rOHDhALFVUUwXtH0vPp8rvGrC/kcTiCmuUnLWmP0	iXuB0BUWH4t2Zd9P4b8Fhu8hPnzrt7jowNquP5m4pmw	bafyreibrul55dpkzyn4obxcebjjy4o5urzbqn7dtp5gbcfg5qzuubgf5du
bmTLQXxAF5aJuiXGYbrZtPHly7krucJfKXdyRaaPnCc	RO6Ci8zsdR0OE2b9j5RRDV74Tk/f+c208NHCCdhOOlw	bafyreicpwzv4g3673nyj2hjs2ezgxnxmu4u47ysvl4kgp2x6gzutvmnz64
bmTLQXxAF5aJuiXGYbrZtPHly7krucJfKXdyRaaPnCc	RO6Ci8zsdR0OE2b9j5RRDV74Tk/f+c208NHCCdhOOlw	bafyreibrul55dpkzyn4obxcebjjy4o5urzbqn7dtp5gbcfg5qzuubgf5du
Yu/EAxTyVw2WRwmtSkrRoMG1dp1KYdMZye0JGv/sV/M	dPHpi+4S63mD0aJbvlluJvNpkvZYac1J4q8DqmEshuA	bafyreicpwzv4g3673nyj2hjs2ezgxnxmu4u47ysvl4kgp2x6gzutvmnz64
Yu/EAxTyVw2WRwmtSkrRoMG1dp1KYdMZye0JGv/sV/M	dPHpi+4S63mD0aJbvlluJvNpkvZYac1J4q8DqmEshuA	bafyreibrul55dpkzyn4obxcebjjy4o5urzbqn7dtp5gbcfg5qzuubgf5du
/uSRBwv52V4AE10YJiq3XQPpMgheHmonoEjAYnIAsNo	h6sVUgPp0LDEvskrmsGLG9MvgSLWiEEY2UU6bD7rW1M	bafyreicpwzv4g3673nyj2hjs2ezgxnxmu4u47ysvl4kgp2x6gzutvmnz64
/uSRBwv52V4AE10YJiq3XQPpMgheHmonoEjAYnIAsNo	h6sVUgPp0LDEvskrmsGLG9MvgSLWiEEY2UU6bD7rW1M	bafyreibrul55dpkzyn4obxcebjjy4o5urzbqn7dtp5gbcfg5qzuubgf5du
9YfHKPvNin5kj2G0/gKC9a7Ty1PLEvIJ1N3MglbRJnc	vyFubQ+EvnUZf7REd9li8FjC58nRUx4m8f1K92zt+Yw	bafyreicpwzv4g3673nyj2hjs2ezgxnxmu4u47ysvl4kgp2x6gzutvmnz64
9YfHKPvNin5kj2G0/gKC9a7Ty1PLEvIJ1N3MglbRJnc	vyFubQ+EvnUZf7REd9li8FjC58nRUx4m8f1K92zt+Yw	bafyreibrul55dpkzyn4obxcebjjy4o5urzbqn7dtp5gbcfg5qzuubgf5du
F+H4/cA7dv6MldQmPx/cfej1KpXfIDkvEL5ERGcHAPY	2ivd9xVuvRFkV8APlzNslfOe3OQgjMaNSQNxZC4vk0c	bafyreicpwzv4g3673nyj2hjs2ezgxnxmu4u47ysvl4kgp2x6gzutvmnz64
F+H4/cA7dv6MldQmPx/cfej1KpXfIDkvEL5ERGcHAPY	2ivd9xVuvRFkV8APlzNslfOe3OQgjMaNSQNxZC4vk0c	bafyreibrul55dpkzyn4obxcebjjy4o5urzbqn7dtp5gbcfg5qzuubgf5du
+2eho3SCk03Mi9j81C1Uf82TJTHCoZeY7WfvNQrj3Mw	WlIRzDPwSpE+ZoOSmXijVxwv+6KrXptnhWa5VZx1418	bafyreicpwzv4g3673nyj2hjs2ezgxnxmu4u47ysvl4kgp2x6gzutvmnz64
+2eho3SCk03Mi9j81C1Uf82TJTHCoZeY7WfvNQrj3Mw	WlIRzDPwSpE+ZoOSmXijVxwv+6KrXptnhWa5VZx1418	bafyreibrul55dpkzyn4obxcebjjy4o5urzbqn7dtp5gbcfg5qzuubgf5du
KmBg/kL47LlPUwr7jSxC7E7XcwOMldEaoWMe5UAflJo	3xrsyyyuWFHHwDcarqGllMblKTgOYzbWYo7eKZRasts	bafyreicpwzv4g3673nyj2hjs2ezgxnxmu4u47ysvl4kgp2x6gzutvmnz64
KmBg/kL47LlPUwr7jSxC7E7XcwOMldEaoWMe5UAflJo	3xrsyyyuWFHHwDcarqGllMblKTgOYzbWYo7eKZRasts	bafyreibrul55dpkzyn4obxcebjjy4o5urzbqn7dtp5gbcfg5qzuubgf5du
jpAYrutc1NBFRPPF15Clqu7CUa0x3+DyEQgud7dU+ZM	WQ24Ad4O+kFhabTEjAUW6/x4iIzE9z6TaYAfXPBrH8k	bafyreicpwzv4g3673nyj2hjs2ezgxnxmu4u47ysvl4kgp2x6gzutvmnz64
jpAYrutc1NBFRPPF15Clqu7CUa0x3+DyEQgud7dU+ZM	WQ24Ad4O+kFhabTEjAUW6/x4iIzE9z6TaYAfXPBrH8k	bafyreibrul55dpkzyn4obxcebjjy4o5urzbqn7dtp5gbcfg5qzuubgf5du
XsG+iiYvmoV+eAGx6DU9I+az8pHaOpuRdkVKrDKbqG4	0us1g0nsq/ADrE5uR+6qf8Qf2l8NakTO3jyjYbyFUj8	bafyreicpwzv4g3673nyj2hjs2ezgxnxmu4u47ysvl4kgp2x6gzutvmnz64
XsG+iiYvmoV+eAGx6DU9I+az8pHaOpuRdkVKrDKbqG4	0us1g0nsq/ADrE5uR+6qf8Qf2l8NakTO3jyjYbyFUj8	bafyreibrul55dpkzyn4obxcebjjy4o5urzbqn7dtp5gbcfg5qzuubgf5du
iCAgudl0z861TQj4s5BPbUFkHtw+2TkzdcH+XWNbEnI	zHkHK4B828k95//iLfi40Y8DCgtqyDdSDMMFbYDcBQ8	bafyreicpwzv4g3673nyj2hjs2ezgxnxmu4u47ysvl4kgp2x6gzutvmnz64
iCAgudl0z861TQj4s5BPbUFkHtw+2TkzdcH+XWNbEnI	zHkHK4B828k95//iLfi40Y8DCgtqyDdSDMMFbYDcBQ8	bafyreibrul55dpkzyn4obxcebjjy4o5urzbqn7dtp5gbcfg5qzuubgf5du
Canb//wU7FcU4f63CbtvMTRlxOtRe8sJW3hybxAvzqM	Z4Y8+SDHwJieMXqAtJYr7HZUYoc65L2B7dFqIb9T7a0	bafyreicpwzv4g3673nyj2hjs2ezgxnxmu4u47ysvl4kgp2x6gzutvmnz64
Canb//wU7FcU4f63CbtvMTRlxOtRe8sJW3hybxAvzqM	Z4Y8+SDHwJieMXqAtJYr7HZUYoc65L2B7dFqIb9T7a0	bafyreibrul55dpkzyn4obxcebjjy4o5urzbqn7dtp5gbcfg5qzuubgf5du
XtkBIw8URYY5NWajQlrPanRGTgcVxqGDG6H3TM4h6Rc	1AMRzkEw7wu58A2+4bHMZdPhV/veKFXRwzPASBLQAU4	bafyreicpwzv4g3673nyj2hjs2ezgxnxmu4u47ysvl4kgp2x6gzutvmnz64
XtkBIw8URYY5NWajQlrPanRGTgcVxqGDG6H3TM4h6Rc	1AMRzkEw7wu58A2+4bHMZdPhV/veKFXRwzPASBLQAU4	bafyreibrul55dpkzyn4obxcebjjy4o5urzbqn7dtp5gbcfg5qzuubgf5du
Lo2OXjUCrDlp4Tt9Hcjeg37DmU3HkD0gdczkLfjiaFw	k8z4E8C05U59blT/Xk6zPszqIYKuEj4I/5btYfQJMtA	bafyreicpwzv4g3673nyj2hjs2ezgxnxmu4u47ysvl4kgp2x6gzutvmnz64
Lo2OXjUCrDlp4Tt9Hcjeg37DmU3HkD0gdczkLfjiaFw	k8z4E8C05U59blT/Xk6zPszqIYKuEj4I/5btYfQJMtA	bafyreibrul55dpkzyn4obxcebjjy4o5urzbqn7dtp5gbcfg5qzuubgf5du
mv8f5f85676":KP}567r8ft89tyfjfgrf>{ygfrtg-%#8rgf5f85676"	: KPh5KR^kf76hfrghtfjuyhjufyfhyufiujffyu87fyh5f9kvv08 dothis	bafyreibrul55dpkzyn4obxcebjjy4o5urzbqn7dtp5gbcfg5qzuubgf5du
42NexK@MSS(Gf2t	to Eleven Hunter	bafy
Flourishing	Hunter	bafy
Thermofisher	Hunter	bafy
mv8f5f85676":KP}567r8ft89tyfjfgrf>{ygfrtg-%#8rgf5f85676":KPh5KR^kf76hfrghtfjuyhjufyfhyufiujffyu87fyh5f9kvv08ypop dothis
mv8f5f85676":KP}567r8ft89tyfjfgrf>{ygfrtg-%#8rgf5f85676":KPh5KR^kf76hfrghtfjuyhjufyfhyufiujffyu87fyh5f9kvv08ypop dothis
